번호,종목명,평가액(억 원),자산군 내 비중(퍼센트),지분율(퍼센트)
1,삼성전자,341048,23.29,7.28
2,SK하이닉스,82235,5.62,7.98
3,LG에너지솔루션,55196,3.77,5.52
4,삼성바이오로직스,36167,2.47,6.69
5,NAVER,33861,2.31,9.31
6,현대차,30759,2.1,7.15
7,기아,28576,1.95,7.11
8,POSCO홀딩스,26894,1.84,6.37
9,삼성SDI,24678,1.69,7.6
10,LG화학,23484,1.6,6.67
11,셀트리온,21524,1.47,7.3
12,현대모비스,19561,1.34,8.81
13,KB금융,18120,1.24,8.3
14,삼성물산,16817,1.15,7
15,신한지주,15323,1.05,7.4
16,포스코퓨처엠,14404,0.98,5.18
17,카카오,13739,0.94,5.69
18,삼성전기,12144,0.83,10.61
19,LG전자,11477,0.78,6.89
20,삼성에스디에스,11118,0.76,8.45
21,SK이노베이션,9929,0.68,7.03
22,하나금융지주,9876,0.67,7.78
23,SK,9121,0.62,7
24,LG,8939,0.61,6.62
25,고려아연,8686,0.59,8.34
26,삼성화재,8440,0.58,6.77
27,삼성생명,8342,0.57,6.04
28,SK텔레콤,8179,0.56,7.46
29,메리츠금융지주,8025,0.55,6.68
30,한국전력,8004,0.55,6.6
31,하이브,7995,0.55,8.22
32,KT&G,7666,0.52,6.59
33,카카오뱅크,7621,0.52,5.61
34,KT,7050,0.48,7.95
35,HD현대중공업,7030,0.48,6.14
36,두산에너빌리티,6850,0.47,6.73
37,현대글로비스,6835,0.47,9.52
38,대한항공,6707,0.46,7.62
39,우리금융지주,6144,0.42,6.29
40,아모레퍼시픽,6083,0.42,7.17
41,CJ제일제당,6059,0.41,12.42
42,HMM,5921,0.4,4.39
43,크래프톤,5851,0.4,6.25
44,한화솔루션,5699,0.39,8.39
45,한화에어로스페이스,5697,0.39,9.04
46,LG이노텍,5475,0.37,9.66
47,S-Oil,5374,0.37,6.86
48,삼성중공업,5188,0.35,7.61
49,유한양행,5122,0.35,9.71
50,HD한국조선해양,5113,0.35,5.98
51,기업은행,5108,0.35,5.4
52,한미약품,5035,0.34,11.37
53,DB손해보험,4967,0.34,8.38
54,롯데케미칼,4964,0.34,7.58
55,SK스퀘어,4900,0.33,6.7
56,SK바이오팜,4861,0.33,6.18
57,한국항공우주,4619,0.32,9.48
58,포스코인터내셔널,4462,0.3,4.07
59,HD현대,4461,0.3,8.92
60,한화오션,4253,0.29,5.53
61,삼성엔지니어링,4246,0.29,7.47
62,LS,4193,0.29,13.97
63,삼성전자우,4158,0.28,0.81
64,LG생활건강,3951,0.27,7.13
65,현대오토에버,3898,0.27,6.72
66,LIG넥스원,3890,0.27,13.55
67,한국타이어앤테크놀로지,3888,0.27,6.91
68,오리온,3795,0.26,8.27
69,엔씨소프트,3764,0.26,7.13
70,한미반도체,3731,0.25,6.21
71,HD현대일렉트릭,3671,0.25,12.39
72,두산밥캣,3613,0.25,7.15
73,두산로보틱스,3574,0.24,4.75
74,CJ,3557,0.24,12.91
75,현대제철,3474,0.24,7.13
76,씨에스윈드,3473,0.24,11.73
77,금호석유,3449,0.24,9.09
78,한솔케미칼,3293,0.22,12.8
79,현대건설,3191,0.22,8.21
80,카카오페이,3066,0.21,4.63
81,키움증권,3031,0.21,11.62
82,삼성증권,3018,0.21,8.78
83,CJ대한통운,2988,0.2,10.3
84,현대해상,2932,0.2,10.58
85,맥쿼리인프라,2902,0.2,5.35
86,SK아이이테크놀로지,2881,0.2,5.12
87,농심,2881,0.2,11.64
88,현대차2우B,2881,0.2,6.98
89,한올바이오파마,2875,0.2,12.43
90,한국금융지주,2863,0.2,8.38
91,넷마블,2782,0.19,5.57
92,코웨이,2734,0.19,6.48
93,한진칼,2717,0.19,5.59
94,포스코DX,2689,0.18,2.38
95,LG유플러스,2604,0.18,5.83
96,GS,2586,0.18,6.8
97,호텔신라,2527,0.17,9.84
98,엘앤에프,2453,0.17,3.32
99,SK바이오사이언스,2446,0.17,4.42
100,현대미포조선,2414,0.16,7.12
101,이수페타시스,2404,0.16,12.91
102,제일기획,2377,0.16,10.86
103,F&F,2375,0.16,6.95
104,미래에셋증권,2265,0.15,4.9
105,한화시스템,2247,0.15,6.85
106,현대로템,2238,0.15,7.71
107,GS리테일,2233,0.15,9.25
108,영원무역,2179,0.15,10.79
109,LS ELECTRIC,2157,0.15,9.82
110,에코프로머티,2152,0.15,1.65
111,LG디스플레이,2148,0.15,4.71
112,OCI홀딩스,2119,0.14,10.07
113,한미사이언스,2107,0.14,7.68
114,DB하이텍,2085,0.14,8.02
115,삼양식품,2064,0.14,12.69
116,리노공업,2040,0.14,6.61
117,신세계,2032,0.14,11.78
118,SKC,1957,0.13,5.7
119,한온시스템,1935,0.13,4.97
120,BNK금융지주,1910,0.13,8.31
121,삼성카드,1910,0.13,5.1
122,NH투자증권,1909,0.13,5.57
123,코스맥스,1908,0.13,13.3
124,이마트,1859,0.13,8.7
125,효성티앤씨,1844,0.13,11.67
126,BGF리테일,1800,0.12,7.93
127,현대위아,1785,0.12,10.08
128,한국가스공사,1743,0.12,7.64
129,KCC,1730,0.12,8.52
130,롯데지주,1712,0.12,6.03
131,효성중공업,1692,0.12,11.21
132,한전KPS,1689,0.12,11.02
133,아모레G,1677,0.11,6.95
134,에코프로비엠,1674,0.11,0.59
135,강원랜드,1669,0.11,4.88
136,효성첨단소재,1619,0.11,9.05
137,한국콜마,1606,0.11,13.09
138,롯데칠성,1575,0.11,11.58
139,코스모신소재,1573,0.11,3.29
140,쌍용C&E,1571,0.11,5.48
141,롯데정밀화학,1571,0.11,10.5
142,한전기술,1570,0.11,6.61
143,롯데쇼핑,1560,0.11,7.35
144,한화생명,1536,0.1,6.25
145,휠라홀딩스,1521,0.1,6.47
146,종근당,1473,0.1,8.95
147,HD현대인프라코어,1467,0.1,9.05
148,에코프로,1458,0.1,0.85
149,에스원,1455,0.1,6.38
150,HL만도,1432,0.1,7.75
151,덴티움,1430,0.1,9.86
152,한화,1415,0.1,7.33
153,JB금융지주,1392,0.1,6.21
154,솔루엠,1391,0.09,10.19
155,팬오션,1351,0.09,6.77
156,대덕전자,1342,0.09,10.04
157,에스엘,1339,0.09,8.08
158,JYP Ent.,1292,0.09,3.59
159,DL이앤씨,1285,0.09,9.21
160,DL,1283,0.09,11.91
161,풍산,1270,0.09,11.56
162,알테오젠,1269,0.09,2.47
163,ISC,1261,0.09,7.41
164,대한유화,1154,0.08,11.61
165,DGB금융지주,1149,0.08,8
166,현대백화점,1132,0.08,9.34
167,현대엘리베이,1128,0.08,6.51
168,두산,1106,0.08,7.13
169,레고켐바이오,1054,0.07,5.91
170,롯데에너지머티리얼즈,1045,0.07,5.39
171,대우건설,1044,0.07,6.06
172,녹십자,1042,0.07,7.1
173,파마리서치,1042,0.07,9.22
174,LX세미콘,1038,0.07,7.35
175,HK이노엔,1031,0.07,8.19
176,GS건설,1016,0.07,7.91
177,세아제강지주,1006,0.07,10.12
178,코리안리,983,0.07,8.31
179,LX인터내셔널,970,0.07,8.51
180,대웅제약,956,0.07,7.06
181,GKL,936,0.06,11.21
182,심텍,929,0.06,7.57
183,오뚜기,920,0.06,5.74
184,한국단자,909,0.06,11.63
185,한세실업,898,0.06,10.66
186,솔브레인,896,0.06,3.79
187,SK네트웍스,892,0.06,6.58
188,TKG휴켐스,891,0.06,10.13
189,두산퓨얼셀,868,0.06,5.71
190,해성디에스,864,0.06,9.18
191,두산테스나,861,0.06,8.64
192,이오테크닉스,848,0.06,4.5
193,코오롱인더,838,0.06,6.85
194,PI첨단소재,817,0.06,9.12
195,효성,813,0.06,6.1
196,하이트진로,811,0.06,5.14
197,에스엠,803,0.05,3.66
198,HPSP,797,0.05,2.19
199,이노션,781,0.05,9.12
200,대상,766,0.05,10.66
201,OCI,763,0.05,9.22
202,씨앤씨인터내셔널,753,0.05,12.04
203,제주항공,741,0.05,7.84
204,덕산네오룩스,730,0.05,6.61
205,클래시스,726,0.05,2.97
206,SBS,721,0.05,13.28
207,하나머티리얼즈,714,0.05,7.2
208,SK케미칼,708,0.05,6.1
209,드림텍,690,0.05,7.73
210,명신산업,688,0.05,6.9
211,후성,684,0.05,6.05
212,한샘,657,0.04,5.22
213,롯데웰푸드,656,0.04,5.62
214,에스에프에이,649,0.04,5.95
215,SK가스,649,0.04,4.75
216,아프리카TV,648,0.04,6.58
217,SK오션플랜트,639,0.04,5.46
218,NHN,637,0.04,7.81
219,원익QnC,634,0.04,8.4
220,동아쏘시오홀딩스,631,0.04,9.85
221,주성엔지니어링,620,0.04,3.76
222,동진쎄미켐,616,0.04,3.09
223,파크시스템스,607,0.04,5.02
224,신세계인터내셔날,603,0.04,9.23
225,세아베스틸지주,596,0.04,6.68
226,넥센타이어,589,0.04,7.5
227,에스앤에스텍,588,0.04,6.05
228,에스디바이오센서,584,0.04,4.1
229,티이엠씨,576,0.04,10.51
230,비에이치,569,0.04,7.81
231,삼천당제약,568,0.04,3.13
232,더블유게임즈,568,0.04,6.56
233,에이비엘바이오,568,0.04,4.82
234,롯데렌탈,566,0.04,5.57
235,HLB,564,0.04,0.86
236,더존비즈온,558,0.04,6.35
237,HSD엔진,557,0.04,7.95
238,원익IPS,551,0.04,3.3
239,오리온홀딩스,547,0.04,5.98
240,HDC현대산업개발,547,0.04,5.69
241,TCC스틸,544,0.04,3.53
242,티씨케이,541,0.04,4.16
243,기가비스,530,0.04,5.67
244,아이에스동서,525,0.04,5.87
245,동국제강,524,0.04,8.77
246,KG스틸,523,0.04,5.88
247,인텔리안테크,515,0.04,6.62
248,HD현대건설기계,514,0.04,5.05
249,에스티팜,513,0.04,4.02
250,클리오,509,0.03,9.14
251,KCC글라스,498,0.03,7.6
252,영원무역홀딩스,498,0.03,4.68
253,코스모화학,479,0.03,3.2
254,원텍,476,0.03,5.78
255,솔루스첨단소재,475,0.03,5.11
256,진에어,474,0.03,7.7
257,와이지엔터테인먼트,472,0.03,4.97
258,LG화학우,469,0.03,1.96
259,녹십자홀딩스,466,0.03,6.06
260,동아에스티,463,0.03,7.77
261,SNT모티브,461,0.03,7.3
262,코스메카코리아,461,0.03,11.88
263,하나마이크론,459,0.03,3.28
264,대주전자재료,456,0.03,3.41
265,한일시멘트,452,0.03,5.1
266,하나투어,450,0.03,5.39
267,대한해운,449,0.03,6.52
268,현대차우,448,0.03,1.64
269,보령,446,0.03,5.46
270,루닛,441,0.03,1.89
271,유진테크,438,0.03,4.68
272,한국앤컴퍼니,434,0.03,2.93
273,더블유씨피,422,0.03,2.81
274,유니드,420,0.03,9.16
275,한섬,420,0.03,8.92
276,영풍,418,0.03,4.39
277,삼아알미늄,410,0.03,2.62
278,레인보우로보틱스,408,0.03,1.19
279,율촌화학,405,0.03,5.16
280,SK디스커버리,396,0.03,5.31
281,DN오토모티브,396,0.03,5.42
282,다우기술,396,0.03,4.93
283,세방전지,392,0.03,4.81
284,코미코,389,0.03,5.76
285,이녹스첨단소재,387,0.03,5.99
286,제이시스메디칼,387,0.03,4.82
287,휴젤,387,0.03,2.09
288,인터로조,382,0.03,9.14
289,현대홈쇼핑,380,0.03,7.36
290,한화투자증권,377,0.03,5.05
291,메디톡스,374,0.03,2.13
292,일진하이솔루스,369,0.03,3.85
293,ESR켄달스퀘어리츠,369,0.03,4.74
294,SK리츠,368,0.03,3.43
295,한국카본,360,0.02,5.96
296,펄어비스,357,0.02,1.43
297,화승엔터프라이즈,352,0.02,6.84
298,JW중외제약,342,0.02,4.22
299,엠로,340,0.02,4.39
300,LG전자우,339,0.02,4.31
301,메가스터디교육,335,0.02,4.73
302,CJ ENM,335,0.02,2.11
303,피에스케이,330,0.02,5.41
304,삼성화재우,326,0.02,5.37
305,동서,316,0.02,1.74
306,나노신소재,311,0.02,2.12
307,제이알글로벌리츠,309,0.02,3.84
308,쿠쿠홈시스,309,0.02,6.42
309,원익머트리얼즈,306,0.02,8.08
310,삼양홀딩스,302,0.02,5.12
311,제이오,299,0.02,3.45
312,스튜디오드래곤,299,0.02,1.93
313,칩스앤미디어,295,0.02,4.81
314,엔켐,295,0.02,2.28
315,하이록코리아,292,0.02,8.52
316,태광,286,0.02,7.33
317,아이센스,285,0.02,3.62
318,롯데관광개발,284,0.02,4
319,케이카,284,0.02,5.03
320,애경케미칼,281,0.02,3.77
321,롯데정보통신,281,0.02,6.22
322,동원F&B,280,0.02,4.44
323,경동나비엔,279,0.02,4.06
324,자화전자,276,0.02,4.4
325,KG모빌리티,265,0.02,1.63
326,펩트론,264,0.02,3.18
327,아시아나항공,261,0.02,3.14
328,SPC삼립,260,0.02,4.81
329,고영,255,0.02,2.25
330,유한양행(무상),255,0.02,0
331,금양,250,0.02,0.39
332,대웅,250,0.02,2.08
333,DI동일,249,0.02,3.45
334,파라다이스,247,0.02,2.02
335,LX홀딩스,246,0.02,4.57
336,국도화학,241,0.02,6.52
337,위메이드,229,0.02,1.11
338,롯데리츠,226,0.02,2.95
339,제이엘케이,224,0.02,6.31
340,레이,222,0.02,6.36
341,화신,218,0.01,4.57
342,한화손해보험,218,0.01,4.62
343,동성화인텍,218,0.01,5.96
344,오스코텍,213,0.01,2.43
345,케이씨텍,210,0.01,3.75
346,제우스,208,0.01,4.29
347,텔레칩스,206,0.01,4.08
348,티에스이,205,0.01,3.75
349,인탑스,205,0.01,4.4
350,동원산업,202,0.01,1.31
351,젬백스,194,0.01,3.66
352,네오위즈,192,0.01,3.28
353,피엔티,187,0.01,1.63
354,대신증권,186,0.01,2.56
355,세아제강,186,0.01,4.77
356,미래에셋생명,183,0.01,2.17
357,뷰노,182,0.01,3.17
358,인텍플러스,181,0.01,4.66
359,아세아시멘트,178,0.01,4.34
360,보로노이,174,0.01,1.85
361,대동,174,0.01,4.02
362,현대코퍼레이션,171,0.01,6.86
363,아세아제지,171,0.01,4.64
364,빙그레,168,0.01,3.12
365,유나이티드제약,166,0.01,3.77
366,에이직랜드,164,0.01,2.6
367,셀트리온제약,164,0.01,0.45
368,종근당홀딩스,163,0.01,5.5
369,HL홀딩스,163,0.01,4.81
370,에스티아이,162,0.01,3.46
371,금호타이어,162,0.01,1.04
372,환인제약,161,0.01,5.76
373,동국제약,161,0.01,2.24
374,가온칩스,158,0.01,2.4
375,지아이이노베이션,157,0.01,2.96
376,천보,156,0.01,1.41
377,성광벤드,154,0.01,4.43
378,비나텍,154,0.01,5.7
379,쏘카,152,0.01,3
380,케이아이엔엑스,151,0.01,3.1
381,애경산업,151,0.01,3.07
382,동원시스템즈,151,0.01,1.51
383,효성화학,150,0.01,4.6
384,일동제약,146,0.01,2.91
385,성우하이텍,146,0.01,1.92
386,서진시스템,145,0.01,2.13
387,동양생명,144,0.01,1.97
388,엠씨넥스,144,0.01,2.64
389,풀무원,143,0.01,3.58
390,서흥,141,0.01,4.26
391,KH바텍,141,0.01,4.06
392,에스피지,140,0.01,1.75
393,한솔제지,138,0.01,5.45
394,CJ CGV,137,0.01,1.93
395,LX하우시스,134,0.01,3.42
396,와이솔,131,0.01,5.96
397,피엔에이치테크,130,0.01,5.37
398,올릭스,128,0.01,5.49
399,감성코퍼레이션,127,0.01,4.43
400,넥슨게임즈,127,0.01,1.28
401,에코앤드림,125,0.01,4.94
402,현대그린푸드,125,0.01,3.2
403,한진,124,0.01,3.35
404,프로텍,121,0.01,2.41
405,대원제약,121,0.01,3.47
406,NICE평가정보,120,0.01,2.12
407,RFHIC,119,0.01,2.49
408,파미셀,118,0.01,3.23
409,에코프로에이치엔,117,0.01,1.11
410,콜마비앤에이치,116,0.01,2.19
411,삼천리,116,0.01,3.01
412,넥스틴,116,0.01,1.62
413,디와이파워,115,0.01,8.42
414,큐렉소,115,0.01,1.5
415,코리아써키트,114,0.01,2.42
416,지누스,114,0.01,3.37
417,SK디앤디,113,0.01,1.73
418,삼화콘덴서,113,0.01,2.85
419,피에스케이홀딩스,110,0.01,1.89
420,지씨셀,109,0.01,1.51
421,케이씨,108,0.01,4.33
422,LS전선아시아,107,0.01,1.67
423,펌텍코리아,107,0.01,3.6
424,E1,107,0.01,2.5
425,SNT다이내믹스,106,0.01,2.21
426,LG생활건강우,105,0.01,3.17
427,딥노이드,105,0.01,4.42
428,제이브이엠,105,0.01,3.28
429,한화3우B,105,0.01,3.35
430,바디텍메드,105,0.01,2.17
431,레이크머티리얼즈,104,0.01,0.92
432,카카오게임즈,104,0.01,0.49
433,대한전선,104,0.01,0.83
434,마크로젠,103,0.01,4.51
435,아모레퍼시픽우,103,0.01,2.65
436,이수스페셜티케미컬,100,0.01,1.13
437,한미약품(무상),100,0.01,0
438,실리콘투,99,0.01,2.13
439,HDC,98,0.01,2.39
440,서연이화,98,0.01,1.89
441,금호석유우,98,0.01,5.27
442,미래에셋증권2우B,97,0.01,1.88
443,삼양사,97,0.01,2.12
444,신세계 I&C,97,0.01,4.65
445,매일유업,97,0.01,2.99
446,LF,97,0.01,2.49
447,우신시스템,96,0.01,5.91
448,안랩,94,0.01,1.37
449,CJ제일제당 우,92,0.01,5.19
450,넥스트칩,89,0.01,2.67
451,DS단석,87,0.01,0.52
452,덕산하이메탈,87,0.01,2.68
453,아이마켓코리아,87,0.01,3.03
454,엘앤씨바이오,87,0.01,1.32
455,삼익THK,86,0.01,3.79
456,테스,85,0.01,2.13
457,DL건설,84,0.01,2.98
458,솔브레인홀딩스,83,0.01,0.9
459,부광약품,83,0.01,1.92
460,SGC에너지,83,0.01,2.11
461,태광산업,82,0.01,1.21
462,삼진제약,82,0.01,2.73
463,신흥에스이씨,81,0.01,2.22
464,성일하이텍,80,0.01,0.61
465,코람코라이프인프라리츠,80,0.01,1.74
466,씨에스베어링,79,0.01,2.65
467,신세계푸드,79,0.01,5.16
468,티엘비,78,0.01,2.61
469,송원산업,77,0.01,1.97
470,엘오티베큠,77,0.01,2.13
471,현대지에프홀딩스,75,0.01,1.33
472,농심홀딩스,75,0.01,2.51
473,디어유,74,0.01,0.97
474,메드팩토,72,0,2.96
475,오픈엣지테크놀로지,72,0,1.3
476,스카이라이프,71,0,2.53
477,대한제강,71,0,2.35
478,종근당(무상),71,0,0
479,서부T&D,71,0,1.6
480,잉글우드랩,70,0,2.66
481,우주일렉트로,70,0,4.78
482,일진전기,70,0,1.77
483,노루페인트,69,0,3.74
484,풍산홀딩스,68,0,1.83
485,신도리코,67,0,2.03
486,한독,66,0,3.37
487,아이쓰리시스템,66,0,2.93
488,한국철강,66,0,2.37
489,한국콜마홀딩스,66,0,2.27
490,아세아,66,0,1.64
491,제이앤티씨,65,0,0.94
492,수산인더스트리,64,0,2.37
493,피에이치에이,64,0,3.07
494,쿠쿠홀딩스,64,0,1.1
495,HD현대에너지솔루션,63,0,2.01
496,신한알파리츠,63,0,1.11
497,AP시스템,63,0,1.84
498,NICE,62,0,1.26
499,이녹스,61,0,2.82
500,로보티즈,60,0,1.54
501,STX중공업,60,0,1.8
502,한국자산신탁,60,0,1.52
503,골프존,60,0,1.03
504,브이티,59,0,1.01
505,진성티이씨,59,0,2.46
506,콘텐트리중앙,59,0,1.99
507,케어젠,59,0,0.4
508,하이비젼시스템,58,0,2
509,삼성SDI우,57,0,1.43
510,데브시스터즈,57,0,0.97
511,세진중공업,56,0,2.09
512,동성케미컬,56,0,2.52
513,휴온스,56,0,1.22
514,바이오니아,56,0,0.65
515,유비쿼스,56,0,3.34
516,네오팜,55,0,2.6
517,파트론,55,0,1.15
518,고려제강,54,0,1.06
519,씨젠,53,0,0.45
520,삼영무역,53,0,2.33
521,크리스에프앤씨,52,0,2.65
522,코나아이,52,0,1.95
523,신영증권,52,0,0.93
524,동국씨엠,52,0,2.44
525,와이지-원,51,0,2.93
526,태경케미컬,51,0,3.18
527,한국정보통신,51,0,1.43
528,뷰웍스,51,0,1.89
529,백산,50,0,2.1
530,큐리옥스바이오시스템즈,50,0,1.25
531,에이프릴바이오,50,0,1.38
532,NHN KCP,50,0,1.21
533,휴메딕스,50,0,1.31
534,아모텍,49,0,4.24
535,에프에스티,49,0,0.92
536,지역난방공사,49,0,1.72
537,HLB생명과학,48,0,0.42
538,비올,48,0,0.97
539,삼성전기우,48,0,2.32
540,제이에스코퍼레이션,48,0,2.07
541,디아이티,47,0,1.36
542,월덱스,47,0,1.12
543,진시스템,47,0,7.23
544,동화기업,47,0,0.38
545,세방,47,0,1.99
546,대한약품,47,0,2.82
547,엔케이맥스무상(보),46,0,0
548,F&F홀딩스,46,0,0.76
549,현대차3우B,46,0,1.7
550,대상홀딩스,46,0,0.95
551,한글과컴퓨터,45,0,1.32
552,엔케이맥스,45,0,1.76
553,GST,45,0,1.77
554,미원상사,45,0,0.56
555,대원강업,43,0,1.29
556,디엔에프,43,0,1.54
557,네패스,42,0,0.93
558,비츠로셀,42,0,1.13
559,윈스,41,0,2.47
560,SNT홀딩스,41,0,1.47
561,미원에스씨,41,0,0.6
562,인트론바이오,41,0,1.38
563,동양이엔피,41,0,2.52
564,티웨이항공,41,0,0.86
565,동국홀딩스,41,0,1.46
566,인선이엔티,41,0,1.19
567,키다리스튜디오,40,0,2
568,화승인더,40,0,2.09
569,한일홀딩스,40,0,1.16
570,아난티,40,0,0.66
571,더네이쳐홀딩스,39,0,1.52
572,인터플렉스,39,0,1.58
573,덕우전자,39,0,2.64
574,메지온,39,0,0.34
575,KSS해운,39,0,1.8
576,파인엠텍,38,0,1.16
577,글로벌텍스프리,38,0,1.37
578,자람테크놀로지,38,0,2.03
579,디앤씨미디어,38,0,1.2
580,한국무브넥스,37,0,1.33
581,나노팀,37,0,1.26
582,한국토지신탁,37,0,1.25
583,HDC랩스,37,0,1.9
584,액트로,36,0,4.5
585,신성이엔지,36,0,0.87
586,우진,36,0,1.92
587,코스맥스비티아이,36,0,3.54
588,태경산업,36,0,1.88
589,LB세미콘,35,0,1.05
590,유니퀘스트,35,0,2.67
591,대양전기공업,35,0,3.12
592,한국쉘석유,35,0,1.19
593,아모레G우,35,0,5.4
594,롯데손해보험,35,0,0.47
595,티앤엘,35,0,1.06
596,일신방직,34,0,1.66
597,이랜텍,34,0,1.36
598,KPX케미칼,34,0,1.63
599,SIMPAC,34,0,1.31
600,남해화학,34,0,0.92
601,JW생명과학,34,0,1.65
602,덕산테코피아,34,0,0.98
603,파수,34,0,3.04
604,사조대림,34,0,1.17
605,이리츠코크렙,34,0,1.09
606,토비스,34,0,1.26
607,모두투어,33,0,1.16
608,차바이오텍,33,0,0.3
609,한화갤러리아,33,0,1.27
610,광동제약,33,0,0.85
611,KG케미칼,33,0,0.71
612,바텍,33,0,0.67
613,나스미디어,33,0,1.27
614,대덕,33,0,1.51
615,가온전선,32,0,2.4
616,코텍,32,0,3.17
617,리파인,32,0,2.13
618,포스코스틸리온,32,0,0.93
619,SAMG엔터,31,0,1.83
620,벽산,31,0,1.73
621,한미글로벌,30,0,1.35
622,신대양제지,30,0,1.33
623,모트렉스,30,0,0.68
624,컴투스,30,0,0.48
625,남양유업,29,0,0.67
626,오로스테크놀로지,29,0,1.07
627,SK렌터카,29,0,0.6
628,코어라인소프트,29,0,0.84
629,헥토파이낸셜,29,0,1.15
630,한솔테크닉스,29,0,1.28
631,CJ4우(전환),28,0,0.96
632,큐리언트,28,0,4.89
633,디오,28,0,0.8
634,이엔에프테크놀로지,28,0,0.8
635,케이엔제이,28,0,1.82
636,한국공항,28,0,1.76
637,SNT에너지,27,0,1.66
638,NH올원리츠,27,0,1.91
639,효성ITX,27,0,1.9
640,무림P&P,27,0,1.37
641,삼영전자,27,0,1.56
642,대창단조,27,0,1.53
643,하나기술,27,0,0.47
644,삼양패키징,27,0,1.06
645,서울가스,26,0,0.85
646,S-Oil우,26,0,1.33
647,디바이스이엔지,26,0,2.51
648,한화리츠,26,0,0.73
649,넥스틸,26,0,1.38
650,와이엠티,26,0,1.49
651,미래컴퍼니,25,0,0.83
652,태경비케이,25,0,1.36
653,BGF,25,0,0.69
654,롯데하이마트,24,0,1.01
655,코오롱글로벌,24,0,1.1
656,TYM,24,0,0.96
657,에어부산,24,0,0.67
658,이수화학,24,0,0.77
659,휴온스글로벌,24,0,0.79
660,SFA반도체,24,0,0.24
661,도화엔지니어링,24,0,0.88
662,AJ네트웍스,24,0,1.05
663,유안타증권,24,0,0.46
664,CJ프레시웨이,23,0,0.83
665,광주신세계,23,0,0.97
666,컨텍,23,0,1.03
667,케이엠더블유,23,0,0.46
668,레이언스,23,0,1.47
669,하나제약,23,0,0.92
670,DB,23,0,0.65
671,브이원텍,23,0,1.28
672,티와이홀딩스,23,0,1.06
673,커넥트웨이브,22,0,0.31
674,대한제당,22,0,0.78
675,켄코아에어로스페이스,22,0,1.36
676,KG이니시스,22,0,0.65
677,KEC,22,0,0.7
678,신한서부티엔디리츠,22,0,1.06
679,흥아해운,22,0,0.36
680,포스코엠텍,21,0,0.17
681,디이엔티,21,0,0.63
682,KISCO홀딩스,21,0,0.55
683,엔젯,21,0,1.24
684,웅진씽크빅,21,0,0.71
685,코오롱,21,0,0.95
686,디아이씨,21,0,1.08
687,신풍제약,21,0,0.29
688,동화약품,21,0,0.72
689,디와이,21,0,1.33
690,큐로셀,20,0,0.41
691,농우바이오,20,0,1.51
692,지니언스,20,0,1.69
693,원익홀딩스,20,0,0.77
694,엠아이텍,20,0,0.92
695,지어소프트,20,0,1.36
696,한솔로지스틱스,20,0,2.93
697,AK홀딩스,20,0,0.87
698,바이오노트,20,0,0.45
699,현대퓨처넷,20,0,0.56
700,한일현대시멘트,20,0,0.65
701,싸이맥스,20,0,1.24
702,영진약품,20,0,0.5
703,디아이,19,0,1.09
704,현대차증권,19,0,0.71
705,사람인,19,0,0.95
706,하림지주,19,0,0.22
707,현대비앤지스틸,19,0,0.87
708,모토닉,19,0,0.7
709,락앤락,19,0,0.71
710,테이팩스,19,0,1.39
711,삼양통상,19,0,1.3
712,일양약품,19,0,0.63
713,삼성FN리츠,19,0,0.49
714,다날,19,0,0.59
715,에스에이엠티,19,0,0.68
716,셀바스AI,19,0,0.35
717,NEW,19,0,1.45
718,아이패밀리에스씨,19,0,0.82
719,퍼시스,19,0,0.53
720,에스티큐브,19,0,0.34
721,SK증권,18,0,0.61
722,코윈테크,18,0,0.61
723,코윈테크배당(보),1,0,0
724,테크윙,18,0,0.43
725,현대리바트,18,0,1.14
726,이연제약,18,0,0.59
727,티앤알바이오팹,18,0,0.95
728,도이치모터스,18,0,1.15
729,현대바이오,18,0,0.17
730,바이오다인,18,0,0.44
731,스틱인베스트먼트,17,0,0.6
732,조광피혁,17,0,0.52
733,교보증권,17,0,0.31
734,HJ중공업,17,0,0.46
735,한세예스24홀딩스,17,0,0.88
736,LG헬로비전,17,0,0.65
737,켐트로닉스,17,0,0.46
738,큐리언트유상(보),17,0,0
739,애니플러스,17,0,1.13
740,에이플러스에셋,17,0,1.72
741,동양,17,0,0.7
742,유진투자증권,17,0,0.49
743,세아홀딩스,17,0,0.39
744,랩지노믹스,17,0,0.58
745,잇츠한불,17,0,0.61
746,아스플로,16,0,1.18
747,쏠리드,16,0,0.44
748,남선알미늄,16,0,0.54
749,코난테크놀로지,16,0,0.44
750,영풍정밀,16,0,0.81
751,아모레G3우(전환),16,0,1.21
752,GS글로벌,16,0,0.77
753,진양홀딩스,16,0,0.9
754,LS마린솔루션,16,0,0.57
755,제일약품,16,0,0.63
756,자이에스앤디,16,0,0.81
757,노루홀딩스,16,0,1.04
758,대성에너지,16,0,0.7
759,일진홀딩스,16,0,0.81
760,조선내화,16,0,0.62
761,팜스코,16,0,1.3
762,넥센,15,0,0.69
763,YG PLUS,15,0,0.55
764,디앤디플랫폼리츠,15,0,0.74
765,알루코,15,0,0.51
766,토니모리,15,0,1.46
767,대교,15,0,0.68
768,대한제분,14,0,0.67
769,성신양회,14,0,0.69
770,매커스,14,0,0.71
771,하이딥,14,0,0.68
772,세종공업,14,0,0.86
773,하이트진로홀딩스,14,0,0.7
774,비에이치아이,14,0,0.56
775,백광산업,14,0,0.4
776,STX엔진,14,0,0.52
777,금호건설,14,0,0.73
778,강남제비스코,14,0,1.03
779,HDC현대EP,14,0,0.95
780,태림포장,14,0,0.8
781,컴투스홀딩스,14,0,0.56
782,큐리언트무상(보),14,0,0
783,엠게임,13,0,1.11
784,경인양행,13,0,0.84
785,대정화금,13,0,1.11
786,삼호개발,13,0,1.57
787,네패스아크,13,0,0.4
788,한국기업평가,13,0,0.38
789,씨아이에스,13,0,0.17
790,신성통상,13,0,0.5
791,KPX홀딩스,13,0,0.6
792,금강공업,13,0,0.78
793,화승알앤에이,13,0,1.63
794,일진다이아,13,0,0.62
795,SK이노베이션우,13,0,1.11
796,경동도시가스,13,0,1.1
797,동아지질,13,0,0.69
798,CR홀딩스,13,0,0.41
799,경방,12,0,0.52
800,경보제약,12,0,0.62
801,유니드비티플러스,12,0,1.66
802,AP위성,12,0,0.6
803,동아타이어,12,0,0.75
804,삼부토건,12,0,0.26
805,무학,12,0,0.8
806,신테카바이오,12,0,0.56
807,서울반도체,12,0,0.21
808,탑머티리얼,12,0,0.25
809,상아프론테크,12,0,0.34
810,경농,12,0,0.6
811,NPC,12,0,0.58
812,티로보틱스,12,0,0.37
813,한농화성,12,0,0.48
814,휴비스,12,0,0.83
815,코오롱플라스틱,12,0,0.39
816,제일파마홀딩스,12,0,0.62
817,삼영,12,0,0.76
818,윤성에프앤씨,12,0,0.13
819,신라교역,12,0,0.83
820,퀄리타스반도체,11,0,0.26
821,일성신약,11,0,0.36
822,NH투자증권우,11,0,0.61
823,에치에프알,11,0,0.48
824,팅크웨어,11,0,0.62
825,뉴로메카,11,0,0.29
826,한국금융지주우,11,0,0.44
827,LS머트리얼즈,11,0,0.04
828,LG우,11,0,0.61
829,셀바스헬스케어,11,0,0.63
830,DL이앤씨2우(전환),11,0,2.2
831,현대이지웰,11,0,0.78
832,한양이엔지,11,0,0.39
833,휴스틸,11,0,0.39
834,대성홀딩스,11,0,0.67
835,미래나노텍,11,0,0.19
836,유비벨록스,11,0,0.87
837,박셀바이오,11,0,0.21
838,예스코홀딩스,10,0,0.53
839,서울옥션,10,0,0.47
840,이월드,10,0,0.42
841,삼화전기,10,0,0.89
842,대명에너지,10,0,0.34
843,비씨엔씨,10,0,0.36
844,진원생명과학,10,0,0.45
845,나이스정보통신,10,0,0.47
846,HB솔루션,10,0,0.27
847,서연,10,0,0.49
848,샘표식품,10,0,0.78
849,어보브반도체,10,0,0.4
850,크라운제과,10,0,0.92
851,아시아나IDT,10,0,0.45
852,사조산업,10,0,0.46
853,DL이앤씨우,10,0,2.4
854,이건산업,9,0,1.34
855,삼성출판사,9,0,0.48
856,아모그린텍,9,0,0.47
857,동아에스티배당(보),9,0,0
858,조일알미늄,9,0,0.35
859,LS네트웍스,9,0,0.27
860,노바렉스,9,0,0.4
861,삼화페인트,9,0,0.5
862,와이엔텍,9,0,0.68
863,에이블씨엔씨,9,0,0.51
864,BYC,9,0,0.34
865,유수홀딩스,9,0,0.59
866,제이씨케미칼,9,0,0.55
867,이엠텍,9,0,0.12
868,JW홀딩스,9,0,0.34
869,진흥기업,9,0,0.51
870,동부건설,9,0,0.63
871,해태제과식품,8,0,0.54
872,제주반도체,8,0,0.18
873,이지스밸류리츠,8,0,0.36
874,에프엔에스테크,8,0,0.86
875,KB스타리츠,8,0,0.2
876,코오롱모빌리티그룹,8,0,0.43
877,종근당바이오,8,0,0.62
878,NI스틸,8,0,0.47
879,계룡건설,8,0,0.62
880,다원시스,8,0,0.17
881,아미코젠무상(보),8,0,0
882,대신증권우,8,0,0.23
883,다올투자증권,8,0,0.33
884,SK케미칼우,8,0,1.23
885,동국S&C,8,0,0.45
886,팸텍,8,0,0.72
887,경동인베스트,8,0,0.49
888,에스제이그룹,8,0,0.84
889,노바텍,8,0,0.31
890,한신공영,8,0,0.92
891,비나텍배당(보),8,0,0
892,셀트리온제약배당(보),8,0,0
893,에스엔유,8,0,0.78
894,아미코젠,8,0,0.37
895,샘표,8,0,0.53
896,태평양물산,8,0,0.68
897,화성산업,8,0,0.68
898,DL우,8,0,1.8
899,현대약품,7,0,0.56
900,신일전자,7,0,0.56
901,웹젠,7,0,0.13
902,극동유화,7,0,0.49
903,아남전자,7,0,0.44
904,그린케미칼,7,0,0.46
905,롯데칠성우,7,0,1.38
906,교촌에프앤비,7,0,0.39
907,선익시스템,7,0,0.26
908,흥국화재,7,0,0.37
909,신원,7,0,0.49
910,강원에너지,7,0,0.15
911,황금에스티,7,0,0.57
912,알멕,7,0,0.23
913,카페24,7,0,0.11
914,STX,7,0,0.23
915,젠큐릭스,7,0,0.81
916,서부T&D배당(보),7,0,0
917,한솔홀딩스,7,0,0.57
918,범한퓨얼셀,7,0,0.38
919,덕양산업,7,0,0.35
920,한전산업,7,0,0.28
921,사조동아원,7,0,0.5
922,한국주철관,7,0,0.42
923,JW중외제약(무상),7,0,0
924,제주은행,7,0,0.25
925,삼익악기,7,0,0.67
926,대성산업,7,0,0.41
927,엘앤케이바이오,7,0,0.32
928,휴비츠,7,0,0.28
929,세이브존I&C,7,0,0.66
930,마이크로디지탈,6,0,0.58
931,아주스틸,6,0,0.34
932,화천기계,6,0,0.75
933,KCTC,6,0,0.54
934,한국석유,6,0,0.44
935,코퍼스코리아,6,0,0.86
936,대영포장,6,0,0.51
937,HS애드,6,0,0.6
938,선진,6,0,0.39
939,디와이피엔에프,6,0,0.25
940,디아이동일배당(보),6,0,0
941,미원홀딩스,6,0,0.33
942,아바코,6,0,0.26
943,제넥신,6,0,0.15
944,퍼스텍,6,0,0.38
945,한국내화,6,0,0.48
946,비즈니스온,6,0,0.21
947,DB금융투자,6,0,0.36
948,신라젠,6,0,0.09
949,쇼박스,6,0,0.28
950,케이옥션,6,0,0.34
951,대한광통신,6,0,0.58
952,에이엘티,6,0,0.28
953,퓨런티어,6,0,0.21
954,우리기술투자,6,0,0.11
955,덱스터,6,0,0.25
956,제너셈,6,0,0.47
957,국제약품,6,0,0.44
958,이엔플러스,6,0,0.21
959,용평리조트,6,0,0.38
960,모나리자,5,0,0.57
961,에이프로젠바이오로직스,5,0,0.28
962,웹케시,5,0,0.42
963,에이프로젠,5,0,0.21
964,삼성제약,5,0,0.36
965,한신기계,5,0,0.33
966,한국전자금융,5,0,0.25
967,이구산업,5,0,0.4
968,인지컨트롤스,5,0,0.4
969,삼일제약,5,0,0.5
970,피에이치씨,5,0,0.25
971,제룡전기,5,0,0.16
972,유바이오로직스,5,0,0.12
973,코엔텍,5,0,0.15
974,유니테스트,5,0,0.17
975,아비코전자,5,0,0.25
976,유니켐,5,0,0.24
977,두올,5,0,0.41
978,수산중공업,5,0,0.37
979,화천기공,5,0,0.69
980,엘티씨,5,0,0.34
981,세아특수강,5,0,0.4
982,HLB글로벌,5,0,0.22
983,유니셈,5,0,0.18
984,디씨엠,5,0,0.37
985,브랜드엑스코퍼레이션,5,0,0.25
986,대현,5,0,0.52
987,솔루스첨단소재1우,5,0,0.82
988,쿠콘,5,0,0.22
989,동성제약,5,0,0.3
990,KTcs,5,0,0.3
991,다스코,5,0,0.55
992,신영와코루,4,0,0.53
993,유니온머티리얼,4,0,0.36
994,광전자,4,0,0.36
995,옵티팜,4,0,0.42
996,펨트론,4,0,0.45
997,펨트론무상(보),4,0,0
998,아이디스,4,0,0.19
999,영풍제지,4,0,0.33
1000,삼일씨엔에스,4,0,0.77
1001,우양,4,0,0.52
1002,KTis,4,0,0.4
1003,아이티엠반도체,4,0,0.07
1004,조선선재,4,0,0.33
1005,이노와이어리스,4,0,0.2
1006,상신브레이크,4,0,0.52
1007,에스엠벡셀,4,0,0.2
1008,SG세계물산,4,0,0.44
1009,무림페이퍼,4,0,0.43
1010,한국화장품,4,0,0.39
1011,코웰패션,4,0,0.12
1012,미래에셋글로벌리츠,4,0,0.37
1013,골프존뉴딘홀딩스,4,0,0.24
1014,대구백화점,4,0,0.4
1015,인팩,4,0,0.43
1016,KIB플러그에너지,4,0,0.21
1017,오로라,4,0,0.5
1018,광명전기,4,0,0.37
1019,대창,4,0,0.33
1020,플리토,4,0,0.25
1021,케이피에프,4,0,0.37
1022,성창기업지주,4,0,0.28
1023,삼양옵틱스,4,0,0.39
1024,KG모빌리언스,4,0,0.18
1025,인천도시가스,4,0,0.33
1026,일동홀딩스,4,0,0.3
1027,크라운해태홀딩스,4,0,0.41
1028,부국증권,4,0,0.16
1029,카나리아바이오,4,0,0.04
1030,에이피티씨,4,0,0.1
1031,씨티알모빌리티,4,0,0.33
1032,케이엔솔,4,0,0.15
1033,휴니드,3,0,0.4
1034,CJ우,3,0,0.3
1035,DMS,3,0,0.2
1036,예스티,3,0,0.11
1037,엑시콘,3,0,0.17
1038,DRB동일,3,0,0.28
1039,동방,3,0,0.33
1040,로보스타,3,0,0.11
1041,금호에이치티,3,0,0.25
1042,만호제강,3,0,0.16
1043,한솔홈데코,3,0,0.45
1044,한스바이오메드,3,0,0.16
1045,한국특강,3,0,0.29
1046,KX,3,0,0.13
1047,일신석재,3,0,0.36
1048,명문제약,3,0,0.39
1049,파세코,3,0,0.15
1050,동양철관,3,0,0.31
1051,CJ씨푸드,3,0,0.27
1052,삼목에스폼,3,0,0.12
1053,기신정기,3,0,0.32
1054,팜젠사이언스,3,0,0.26
1055,나무가,3,0,0.12
1056,한컴라이프케어,3,0,0.22
1057,다우데이타,3,0,0.05
1058,하이로닉,3,0,0.2
1059,화승코퍼레이션,3,0,0.27
1060,가온전선유상(보),3,0,0
1061,코람코더원리츠,3,0,0.14
1062,네이처셀,3,0,0.05
1063,미창석유,3,0,0.21
1064,STX유상(보),3,0,0
1065,한국화장품제조,3,0,0.25
1066,뉴프렉스,3,0,0.16
1067,동원개발,3,0,0.09
1068,계양전기,3,0,0.5
1069,이아이디,3,0,0.07
1070,현대코퍼레이션홀딩스,2,0,0.25
1071,제이스텍,2,0,0.15
1072,유진기업,2,0,0.09
1073,신흥,2,0,0.18
1074,바이오솔루션,2,0,0.15
1075,바이넥스,2,0,0.08
1076,제이엔케이히터,2,0,0.19
1077,진양산업,2,0,0.27
1078,인스코비,2,0,0.17
1079,동일산업,2,0,0.21
1080,덕성,2,0,0.19
1081,한국수출포장,2,0,0.19
1082,유진로봇,2,0,0.05
1083,옵트론텍,2,0,0.25
1084,한국제지,2,0,0.1
1085,삼원강재,2,0,0.18
1086,새론오토모티브,2,0,0.28
1087,미원화학,2,0,0.14
1088,정다운,2,0,0.23
1089,한양디지텍,2,0,0.1
1090,지엠비코리아,2,0,0.23
1091,SH에너지화학,2,0,0.29
1092,슈프리마,2,0,0.14
1093,KC코트렐,2,0,0.25
1094,리드코프,2,0,0.12
1095,코아시아,2,0,0.1
1096,미래에셋증권우,2,0,0.35
1097,HL D&I,2,0,0.25
1098,넥센타이어1우B,2,0,0.95
1099,조비,2,0,0.27
1100,유유제약,2,0,0.21
1101,금화피에스시,2,0,0.12
1102,유화증권,2,0,0.14
1103,부국철강,2,0,0.22
1104,콤텍시스템,2,0,0.2
1105,한창제지,2,0,0.33
1106,세원정공,2,0,0.28
1107,부산산업,2,0,0.27
1108,대원전선,2,0,0.22
1109,남광토건,2,0,0.24
1110,웅진,2,0,0.18
1111,대보마그네틱,2,0,0.07
1112,DSR,2,0,0.26
1113,대한화섬,2,0,0.12
1114,동일고무벨트,2,0,0.2
1115,리튬포어스,2,0,0.08
1116,이루다,2,0,0.12
1117,보락,2,0,0.22
1118,동인기연,2,0,0.13
1119,깨끗한나라,2,0,0.18
1120,일성건설,2,0,0.21
1121,아이앤씨,2,0,0.33
1122,유니온,2,0,0.19
1123,대덕전자1우,2,0,0.76
1124,뉴파워프라즈마,2,0,0.07
1125,보해양조,2,0,0.21
1126,코오롱인더우,2,0,0.24
1127,동양피스톤,2,0,0.24
1128,텔코웨어,2,0,0.16
1129,한국비엔씨,1,0,0.06
1130,혜인,1,0,0.2
1131,SG글로벌,1,0,0.21
1132,현대건설우,1,0,0.27
1133,한진중공업홀딩스,1,0,0.15
1134,STX그린로지스,1,0,0.16
1135,DSR제강,1,0,0.23
1136,대우부품,1,0,0.2
1137,SK우,1,0,0.17
1138,하이드로리튬,1,0,0.05
1139,사조씨푸드,1,0,0.21
1140,와이엠텍,1,0,0.08
1141,제이티,1,0,0.15
1142,오션브릿지,1,0,0.1
1143,가온그룹,1,0,0.15
1144,삼성공조,1,0,0.18
1145,인카금융서비스,1,0,0.08
1146,디지털대성,1,0,0.08
1147,태양금속,1,0,0.1
1148,한양증권,1,0,0.11
1149,두산퓨얼셀1우,1,0,0.13
1150,두산우,1,0,0.06
1151,한화솔루션우,1,0,0.17
1152,형지엘리트,1,0,0.26
1153,써니전자,1,0,0.13
1154,셀리버리,1,0,0.05
1155,상상인증권,1,0,0.13
1156,핌스,1,0,0.12
1157,삼표시멘트,1,0,0.03
1158,압타바이오,1,0,0.05
1159,우성,1,0,0.16
1160,윌비스,1,0,0.23
1161,비아이매트릭스,1,0,0.15
1162,쎄트렉아이,1,0,0.03
1163,비상교육,1,0,0.13
1164,문배철강,1,0,0.14
1165,동방아그로,1,0,0.1
1166,동남합성,1,0,0.07
1167,LX하우시스우,1,0,0.41
1168,흥국에프엔비,1,0,0.1
1169,파두,1,0,0.01
1170,영화금속,1,0,0.17
1171,KC그린홀딩스,1,0,0.1
1172,위지윅스튜디오,1,0,0.01
1173,와이투솔루션,1,0,0.07
1174,모두투어리츠,1,0,0.08
1175,진양화학,1,0,0.15
,조흥,1,0,0.07
,제일연마,1,0,0.08
,갤럭시아에스엠,1,0,0.1
,유엔젤,1,0,0.15
,이지스레지던스리츠,1,0,0.06
,사조오양,1,0,0.08
,조광페인트,1,0,0.08
,고려산업,1,0,0.08
,방림,1,0,0.07
,성안,1,0,0.06
,인터지스,1,0,0.08
,에넥스,1,0,0.17
,호전실업,1,0,0.07
,신송홀딩스,1,0,0.08
,남성,1,0,0.07
,대림B&Co,1,0,0.09
,코스텍시스,1,0,0.07
,금비,1,0,0.08
,코미팜,1,0,0.02
,국동,1,0,0.11
,화인베스틸,1,0,0.15
,티에이치엔,1,0,0.09
,웰바이오텍,1,0,0.05
,티웨이홀딩스,1,0,0.1
,플레이그램,1,0,0.07
,마니커,0,0,0.07
,대호에이엘,0,0,0.06
,아센디오,0,0,0.05
,케이비아이동국실업,0,0,0.07
,핸즈코퍼레이션,0,0,0.07
,주연테크,0,0,0.12
,대원화성,0,0,0.05
,에쓰씨엔지니어링,0,0,0.07
,미래산업,0,0,0.05
,오리엔트바이오,0,0,0.05
,서울식품,0,0,0.05
,까뮤이앤씨,0,0,0.05
,이오플로우,0,0,0.03
,평화산업,0,0,0.05
,NH프라임리츠,0,0,0.05
,케이탑리츠,0,0,0.07
,하이스틸,0,0,0.05
,성보화학,0,0,0.06
,MH에탄올,0,0,0.06
,일진디스플,0,0,0.05
,영흥,0,0,0.05
,시디즈,0,0,0.05
,서원,0,0,0.05
,쌍방울,0,0,0.04
,세원이앤씨,0,0,0.05
,진양폴리,0,0,0.04
,한일철강,0,0,0.04
,한세엠케이,0,0,0.04
,신세계건설,0,0,0.06
,국일제지,0,0,0.03
,레드캡투어,0,0,0.02
,천일고속,0,0,0.04
,다이나믹디자인,0,0,0.03
,대한방직,0,0,0.06
,에이엔피,0,0,0.04
,태영건설,0,0,0.03
,범양건영,0,0,0.04
,인바이오젠,0,0,0.02
,KH 필룩스,0,0,0.02
,인디에프,0,0,0.04
,대교우B,0,0,0.07
,한국종합기술,0,0,0.03
,GS우,0,0,0.03
,우진플라임,0,0,0.03
,모나미,0,0,0.03
,진도,0,0,0.07
,SJM,0,0,0.03
,SJM홀딩스,0,0,0.03
,전방,0,0,0.04
,현대에이치티,0,0,0.03
,평화홀딩스,0,0,0.03
,대양금속,0,0,0.03
,원림,0,0,0.03
,한국전자홀딩스,0,0,0.03
,세우글로벌,0,0,0.03
,한화갤러리아우,0,0,0.09
,영보화학,0,0,0.02
,비비안,0,0,0.03
,삼성물산우B,0,0,0.01
,미래에셋맵스리츠,0,0,0.02
,CS홀딩스,0,0,0.02
,마스턴프리미어리츠,0,0,0.01
,동원수산,0,0,0.03
,LX홀딩스1우,0,0,0.06
,에스메디,0,0,0.01
,한솔PNS,0,0,0.03
,삼화왕관,0,0,0.01
,티케이케미칼,0,0,0
,SHD,0,0,0.03
,휴마시스,0,0,0
,선도전기,0,0,0.01
,코오롱글로벌우,0,0,0.03
,비케이탑스,0,0,0.02
,가온그룹배당(보),0,0,0
,국보,0,0,0.01
,페이퍼코리아,0,0,0
,신풍,0,0,0
,IHQ,0,0,0.02
,MTRON,0,0,0
,셀트리온헬스케어,0,0,1.11
,제이더블유홀딩스무상(보),0,0,0
